split,writer_id,sample_count,feat__offset_count__median,feat__offset_count__iqr,feat__draw_segment_count__median,feat__draw_segment_count__iqr,feat__relocation_count__median,feat__relocation_count__iqr,feat__draw_run_count__median,feat__draw_run_count__iqr,feat__draw_fraction__median,feat__draw_fraction__iqr,feat__pen_lift_ratio__median,feat__pen_lift_ratio__iqr,feat__mean_draw_run_length__median,feat__mean_draw_run_length__iqr,feat__mean_draw_length_norm__median,feat__mean_draw_length_norm__iqr,feat__median_draw_length_norm__median,feat__median_draw_length_norm__iqr,feat__mean_relocation_length_norm__median,feat__mean_relocation_length_norm__iqr,feat__relocation_to_draw_ratio__median,feat__relocation_to_draw_ratio__iqr,feat__bbox_width__median,feat__bbox_width__iqr,feat__bbox_height__median,feat__bbox_height__iqr,feat__aspect_ratio__median,feat__aspect_ratio__iqr,feat__ink_density__median,feat__ink_density__iqr,feat__normalized_draw_path_length__median,feat__normalized_draw_path_length__iqr,feat__horizontal_motion_ratio__median,feat__horizontal_motion_ratio__iqr,feat__vertical_motion_ratio__median,feat__vertical_motion_ratio__iqr,feat__path_efficiency__median,feat__path_efficiency__iqr,feat__baseline_slope__median,feat__baseline_slope__iqr,feat__slant_proxy__median,feat__slant_proxy__iqr,feat__mean_abs_turn__median,feat__mean_abs_turn__iqr,feat__sharp_turn_ratio__median,feat__sharp_turn_ratio__iqr,assigned_cluster_id,pca_x,pca_y
train,123457,133,61.0,46.0,58.0,42.0,3.0,3.0,4.0,3.0,0.9444444444444444,0.021456905878110333,0.058823529411764705,0.02393403057119871,14.0,5.75,0.04642176628112793,0.030896153301000595,0.036261241883039474,0.02480643056333065,0.249334916472435,0.13061730563640594,0.3237139317141732,0.16623980369557245,74.0,60.0,43.0,15.0,1.7317073170731707,1.3076923076923075,0.06943667381336419,0.037702926844235256,2.5928210375821283,0.48283316929517195,0.5954729318618774,0.10353511571884155,0.6899281740188599,0.08165007829666138,0.2722421331996481,0.06732769665540164,-0.03476899451211016,0.15362736437962296,0.0,0.07141836732625961,0.5856359291680252,0.07116227696339283,0.06382978723404255,0.036106750392464686,0,-2.3511088603071024,-2.078870278387711
train,123458,205,83.0,69.0,79.0,65.0,4.0,5.0,5.0,5.0,0.9523809523809523,0.015741039715854055,0.05,0.01734566803059954,16.25,4.888888888888889,0.03554936498403549,0.02214672788977623,0.029375910758972168,0.018881263211369514,0.24119438230991364,0.1422746181488037,0.3907239433330884,0.21632562209109513,191.0,168.0,130.0,43.0,1.5779816513761469,1.0072787929335052,0.026083887150857302,0.010810263077994885,2.7754073045829157,0.5123524158138886,0.46632659435272217,0.09316354990005493,0.749882698059082,0.07697558403015137,0.27687048533186603,0.07626425703848141,-0.0023949745876539726,0.20959403021817652,0.0,0.0,0.484120892441791,0.0660857236524855,0.039473684210526314,0.028904428904428903,3,-2.916007442998123,5.389110954395987
train,123459,157,74.0,51.0,70.0,50.0,4.0,4.0,5.0,4.0,0.9473684210526315,0.021624472573839704,0.05555555555555555,0.024089306698002355,14.2,4.666666666666666,0.03503822535276413,0.022233039140701294,0.03324253857135773,0.022110411897301674,0.1807015836238861,0.1444971039891243,0.3277629831622964,0.20722893403208364,87.0,67.0,35.0,17.0,2.3823529411764706,1.5362962962962963,0.07517094839186896,0.033452151194182336,2.4413802838633307,0.34818088226857924,0.5649469494819641,0.09609270095825195,0.6379150152206421,0.10687083005905151,0.3301993979746787,0.08325331889462095,0.019035577655556146,0.0926185425811385,0.0,0.09998999536037445,0.5250611816133771,0.07047862270802396,0.04,0.029411764705882353,3,-3.0289721254796294,-0.020264657375116103
train,123460,37,79.0,47.0,77.0,45.0,3.0,3.0,4.0,3.0,0.9672131147540983,0.027267156862745057,0.03389830508474576,0.029180327868852458,22.2,12.2,0.03445332497358322,0.01781103014945984,0.029266441240906715,0.01403704471886158,0.13491064310073853,0.12420777976512909,0.21697127587161052,0.22471801931926016,114.0,66.0,56.0,43.0,2.0526315789473686,1.2708133971291866,0.05030739997264424,0.024307965889031967,2.707495988356534,0.5152176163749171,0.38779550790786743,0.06716740131378174,0.8188964128494263,0.06746101379394531,0.3114574248316108,0.07135554636858937,0.03786526486238402,0.1678408971213666,0.1483355164527893,0.10905918478965759,0.5501651061905755,0.06626699301375061,0.05,0.03244390539721043,3,-0.02889907953638514,1.4243540313655016
train,123461,42,90.5,47.25,90.5,46.75,1.0,2.0,2.0,2.0,0.9868215710074562,0.019868496283590664,0.013354700854700854,0.020271609833465504,40.875,38.875,0.03207644261419773,0.017358860932290554,0.02802279405295849,0.01900853868573904,0.15056780725717545,0.2761373147368431,0.09271520260936963,0.18753888925331294,146.5,86.25,85.0,56.25,1.8377463054187193,0.8837826987826989,0.04123935417635565,0.032379373074351056,2.984800914050731,0.6681748680753965,0.5086302757263184,0.10679950565099716,0.748538464307785,0.07621829211711884,0.2622073980531463,0.057762569698756816,-0.0015142823255700339,0.09646554125113116,0.0,0.1307862550020218,0.4729092942907455,0.053531465544399026,0.04379795396419438,0.020288874677172553,2,5.286053373189042,4.3817102392886325
train,123462,148,65.5,47.0,65.0,47.25,1.0,2.0,2.0,2.0,0.9829047340736412,0.023809523809523836,0.017392619479733817,0.024390243902439025,32.0,22.166666666666668,0.04963512904942036,0.028628471307456493,0.04646052420139313,0.02709144540131092,0.15644674003124237,0.2676177993416786,0.08023262413545593,0.13672351105068964,100.5,66.0,61.0,36.25,1.823225806451613,1.1459099389626115,0.06354917400250314,0.029393869343860103,3.097556544622771,0.6451243440282544,0.5072540640830994,0.11133717745542526,0.7355384528636932,0.0871514081954956,0.24609497841899378,0.06207586837053064,-0.006776246675074262,0.16216158949737344,0.0,0.15013398230075836,0.5229377939884006,0.06902438179743098,0.05235745614035088,0.024263456557958467,2,3.5506442655389097,0.025040032449659407
train,123464,146,63.0,55.0,62.0,54.0,2.0,1.0,3.0,1.0,0.9753843823373476,0.02912384915425492,0.025236844200302526,0.03056258676036786,24.333333333333332,17.895833333333332,0.044100893661379814,0.030040054582059383,0.041794296354055405,0.028320377226918936,0.14629210531711578,0.15305762737989426,0.10002548494237874,0.13900182938486527,103.0,86.0,50.0,28.5,2.05,1.433316614018612,0.06641704139080692,0.02508860225880738,2.824102212859716,0.5659321662030159,0.5866433680057526,0.09751695394515991,0.6976496577262878,0.08937287330627441,0.26834281475073407,0.07800320226015406,-0.015175957483468113,0.16774703177026123,0.0,0.0,0.5720146646549752,0.07579575922754078,0.06186224489795918,0.03503825136612021,0,1.4949596271258037,-1.6275101149227236
train,123466,152,71.5,62.5,68.5,59.0,3.0,4.0,4.0,4.0,0.9533333333333334,0.02137763140901472,0.04895104895104895,0.023441511015127377,16.833333333333336,5.532142857142857,0.039077650755643845,0.025330578442662954,0.034904224798083305,0.023877286817878485,0.2333383932709694,0.14851658791303635,0.30848556258562265,0.21082474576072327,110.0,102.75,51.5,19.25,2.3152777777777778,1.3973162475822054,0.053563726826966,0.02504862901874927,2.6311264617778916,0.46183572419048335,0.43574509024620056,0.13746169954538345,0.7763275802135468,0.11979794502258301,0.3193498556867872,0.08006045299579856,-0.012874987819514976,0.11062632908296345,0.0,0.13391055166721344,0.5409771725818882,0.07210582097411167,0.05555555555555555,0.029931215198165738,3,-2.471262649616245,0.6377574466236999
train,123467,203,72.0,63.0,69.0,59.5,3.0,3.0,4.0,3.0,0.9550561797752809,0.02061920802543671,0.047058823529411764,0.022685105774728417,16.0,6.7840909090909065,0.048900753259658813,0.02707909792661667,0.041521307080984116,0.023676658980548382,0.18882505595684052,0.123691126704216,0.20653010164633845,0.17741330197365351,92.0,63.0,50.0,21.0,1.7962962962962963,1.046708492009244,0.0710761798945502,0.021430837956170075,3.1583038000368404,0.8169606054460332,0.43128398060798645,0.08465239405632019,0.7766749262809753,0.08104419708251953,0.24176965021714436,0.0668208662596001,-0.01952433250582001,0.17773414676212387,0.0,0.0,0.5914843122164408,0.0622191725623209,0.0673076923076923,0.035768050842630336,0,-0.7515471375214022,-0.5616274823837986
train,123468,210,81.5,73.75,78.0,69.5,4.0,3.75,5.0,3.75,0.9519615384615384,0.01690321968564723,0.0504626092861387,0.018581359326004007,16.145833333333336,4.818181818181817,0.03298550471663475,0.022194027435034513,0.02990747708827257,0.022313658613711596,0.18089289963245392,0.1269410401582718,0.29498066352772334,0.17242450307474214,141.0,113.75,64.0,27.75,2.28021978021978,1.3333786794424403,0.04563330232742334,0.01883205899929681,2.5316042880995955,0.3549886921982943,0.5092867314815521,0.09651762247085571,0.7026493847370148,0.08301237225532532,0.3297043075325963,0.08774019318636644,0.07994280565711065,0.11618222430025268,0.09216395765542984,0.19996000826358795,0.5432548654702177,0.08802134875381107,0.06038674033149171,0.03242315838628443,3,-2.6333687025608468,1.9038572717602575
train,123469,87,70.0,49.0,70.0,49.0,0.0,0.0,1.0,0.0,1.0,0.0,0.0,0.0,66.0,43.5,0.03700624406337738,0.025282355025410652,0.03363363817334175,0.019278732128441334,0.0,0.0,0.0,0.0,103.0,64.0,39.0,29.5,2.6666666666666665,2.250145410834077,0.082175212909113,0.03825459269455997,2.6668724329898845,0.5586450306845614,0.543391227722168,0.10624213516712189,0.7063493132591248,0.0874398946762085,0.3113232942693305,0.12984813743450868,-0.021178098317627583,0.09733255244512984,0.0,0.2499375194311142,0.5489334986533647,0.0458900653605121,0.05217391304347826,0.03131176999101528,1,10.247226556059767,-1.2604339777484508
train,123470,203,81.0,69.0,79.0,65.0,3.0,3.0,4.0,3.0,0.963855421686747,0.022184924763991032,0.0375,0.023930594101852477,19.4,8.159090909090907,0.041223663836717606,0.026990827172994614,0.03737906366586685,0.023564773611724377,0.1855403035879135,0.1647094264626503,0.2132874084410913,0.20417116651386527,90.0,86.0,52.0,21.0,1.8,1.2195457159286947,0.06868059794108072,0.029329449878913352,2.963417455116959,0.6875694573363509,0.4570867717266083,0.11166231334209442,0.7523889541625977,0.0852842926979065,0.26724246426502773,0.08679033752812387,0.03990857887225062,0.1521234485506637,0.0,0.14283673465251923,0.47726686419667425,0.06784530338438022,0.03773584905660377,0.02562509767151118,3,-0.5484215487544363,1.6659824308180489
train,123471,103,80.0,44.5,80.0,45.0,1.0,2.0,2.0,2.0,0.9880952380952381,0.017125292740046927,0.012048192771084338,0.017424242424242425,41.5,24.0,0.04280572757124901,0.01947661302983761,0.03714556619524956,0.02035751659423113,0.1189054474234581,0.21962054818868637,0.05077752191693576,0.09534684545497518,119.0,76.0,81.0,56.0,1.402061855670103,0.9093141469792847,0.05233744028452281,0.03185588328993055,3.285646445826953,0.5791088683531971,0.44486764073371887,0.08009710907936096,0.7892991304397583,0.0640401542186737,0.21760070177511326,0.07418829134139415,0.008790102630221999,0.2335005226737486,0.0,0.0,0.5263926376730709,0.08506504346568983,0.0547945205479452,0.025027745136440793,2,5.2355705327038615,2.005731314549304
train,123472,210,71.5,45.75,68.0,44.75,3.0,3.0,4.0,3.0,0.9530330882352941,0.02045919527165263,0.049281521959117586,0.0225,16.0,5.5,0.035313522443175316,0.02181477379053831,0.031601015478372574,0.01782867545261979,0.15909681469202042,0.11483561061322689,0.23344483002167504,0.15466510837480285,95.0,59.75,34.5,20.0,2.495454545454545,1.57156123446446,0.07386446030168999,0.030238488502698085,2.3640534164118563,0.4580009481346603,0.5759002566337585,0.09357601404190063,0.6447994410991669,0.07803219556808472,0.3574957847329059,0.09614695071556534,0.01312687251669837,0.11526968537216142,0.0,0.0,0.5335604315630524,0.08073654386791124,0.05011415525114155,0.029949909430335285,3,-1.5876096756556846,-0.6763869777964568
train,123474,141,68.0,51.0,66.0,52.0,3.0,2.0,4.0,2.0,0.9565217391304348,0.025563909774436122,0.045454545454545456,0.027997364953886696,16.5,7.166666666666666,0.048961903899908066,0.03893687203526497,0.04094574600458145,0.029137587174773216,0.10132477432489395,0.1465531513094902,0.10796598490976769,0.11018938122273275,70.0,62.0,39.0,16.0,1.9333333333333333,1.424812030075188,0.09953650605682772,0.03749043470343563,3.2165327354054467,0.5455150851408113,0.5739195942878723,0.10471558570861816,0.7243881821632385,0.08282101154327393,0.2494697569361884,0.05566945877279886,-0.020110696842144615,0.15852182705066153,0.0,0.0,0.6394906676545435,0.0752179974218915,0.10666666666666667,0.03409090909090909,0,0.13731221749653388,-3.770367662452292
train,123475,106,55.5,59.25,52.5,55.75,3.0,4.0,4.0,4.0,0.9398795180722892,0.025283751493428874,0.06396617566830332,0.02870651204281891,11.791666666666668,3.4821428571428577,0.04982342757284641,0.04597513936460018,0.03906422480940819,0.03528224537149072,0.20168907195329666,0.16906683892011642,0.31789754836805023,0.21280369148560815,46.0,39.5,44.0,19.5,1.2355555555555555,0.7871130893829102,0.08209611674756657,0.04642526789023263,2.6120193106621645,0.4842170224764355,0.3846382051706314,0.12563933432102203,0.7930455207824707,0.09140698611736298,0.27629045667726215,0.08081437058505642,-0.030610873107087322,0.2527550867664086,0.0,0.0,0.7606722125884124,0.10220953582594905,0.10526315789473684,0.05360360360360361,0,-3.072226892835652,-5.646483694402975
train,123476,114,81.5,65.25,79.0,62.5,1.0,2.0,2.0,2.0,0.9897433200084158,0.021239136949355752,0.010362972508591065,0.021700031279324367,44.33333333333333,38.35,0.04008566774427891,0.027624270878732204,0.03612729348242283,0.020317276939749718,0.1374296247959137,0.22800353914499283,0.05250089897309628,0.11168779733770758,96.5,74.5,57.0,29.75,1.9117342982682863,1.3065229612971951,0.07166699301072335,0.03475718857725489,3.2555269045309156,0.8250149927706301,0.49319928884506226,0.08380186557769775,0.7675400376319885,0.0629420280456543,0.21392818526005408,0.06352571214156033,-0.07546658944928342,0.15671393142663487,0.0,0.0,0.5274163692160119,0.0671978949398136,0.05805527468823728,0.02728112513068759,2,6.07345926119616,1.3451431272261831
train,123478,147,60.0,55.0,58.0,54.5,2.0,2.0,3.0,2.0,0.9722222222222222,0.024985336211285736,0.02857142857142857,0.026476927375389467,22.5,14.366666666666664,0.04618866369128227,0.03192770201712847,0.041901472955942154,0.027396446093916893,0.17835348844528198,0.14141153544187546,0.13536056545403732,0.17419377605208394,90.0,69.0,50.0,24.5,1.9137931034482758,1.2211282276995306,0.059212978240440875,0.025560139711411786,2.5995208469889852,0.3962131511255942,0.5064003467559814,0.09913647174835205,0.7099166512489319,0.08102500438690186,0.3034178029006548,0.0802447620987018,0.02049253586067061,0.14020943920417406,0.0,0.0,0.603388495983616,0.0773404116163382,0.07,0.033555595068752955,0,0.46584026433101966,-2.041816672098846
train,123479,140,93.0,60.5,90.0,56.5,3.0,2.0,4.0,2.0,0.9598206278026906,0.01393139417332967,0.0418613707165109,0.015092911577408913,19.46666666666667,6.5625,0.03905150108039379,0.02238604472950101,0.03697624057531357,0.01606521336361766,0.17283136397600174,0.11216400004923344,0.20016114950732827,0.11483533451305142,101.0,70.0,54.0,20.0,1.8603521554341227,1.2368093356745686,0.07091024312106045,0.017692512328681603,3.314839344217601,0.7182800178498208,0.46050548553466797,0.09790915995836258,0.7675008177757263,0.06990261375904083,0.2302551206894115,0.07954587519443027,-0.033565197250616526,0.10902594298543139,0.0,0.0,0.5392613549955094,0.0568440918502926,0.05474525474525474,0.029918959063349244,3,0.3770829621952421,1.7416730555863922
train,123481,99,63.0,46.5,60.0,43.5,2.0,3.0,3.0,3.0,0.961038961038961,0.017889740781307117,0.04054054054054054,0.019382911392405063,17.333333333333332,6.0,0.04287295043468475,0.02880266308784485,0.03276311978697777,0.024588833563029766,0.19416575133800507,0.18270119279623032,0.2202243714156065,0.16662010025914437,86.0,73.5,61.0,38.0,1.5555555555555556,1.007452844090775,0.05348405205354058,0.039403788347514915,2.402387459488309,0.6531926246242246,0.48897793889045715,0.09809838235378265,0.7661937475204468,0.09239518642425537,0.3152957838297177,0.13006546457224855,-0.00933929563033445,0.23598097999621306,0.0,0.0,0.5573564459537638,0.09326472681878262,0.05309734513274336,0.043233082706766915,0,-0.8347835216568094,-1.2497748610608441
train,123482,177,80.0,59.0,75.0,56.0,4.0,4.0,5.0,4.0,0.9491525423728814,0.020784313725490278,0.05357142857142857,0.023013460703430307,15.0,5.25,0.033198293298482895,0.022915584966540337,0.03054775297641754,0.021585799753665924,0.20070824027061462,0.13235867023468018,0.3468815277582801,0.2157288286982027,148.0,116.0,60.0,28.0,2.508771929824561,1.805493133583021,0.04488596928658081,0.016587934230100007,2.409488428018269,0.3884020562249888,0.5175144672393799,0.07704266905784607,0.6925502419471741,0.07978534698486328,0.34156118430103105,0.0815986901977071,0.01102823688364828,0.10914571203968908,0.0,0.0,0.5128351350625356,0.08428881040176073,0.053763440860215055,0.030612244897959183,3,-3.2046888712233508,1.8302185350166815
train,123484,84,66.5,42.0,62.5,42.25,2.0,2.0,3.0,2.0,0.9666666666666667,0.0263197595313317,0.034482758620689655,0.028042224346147282,19.366666666666667,9.549999999999997,0.03769705630838871,0.022226696833968163,0.034945910796523094,0.02002824656665325,0.15945561230182648,0.15048781223595142,0.17755284944733335,0.221737863695467,121.5,75.25,52.0,31.75,2.331761006289308,1.4447268239625168,0.05348006060705172,0.03388839356090741,2.3965728035613836,0.3414708787333378,0.5933307707309723,0.08570648729801178,0.6536218523979187,0.07964292168617249,0.3384697878200247,0.10986851069280612,-0.016175743558798722,0.11898688878471836,0.0,0.0,0.545591507174752,0.0730081277592457,0.05647090087695987,0.02856125356125356,3,-0.30453786693643425,-0.6131934828581728
train,123486,136,77.5,54.25,75.0,53.0,1.0,2.0,2.0,2.0,0.9858091787439613,0.03230165649520489,0.014395194697597348,0.033379888268156424,34.33333333333333,39.3125,0.043557075783610344,0.02230801247060299,0.038350844755768776,0.02149728499352932,0.18823794275522232,0.3022031709551811,0.08048428159384952,0.2387769806816682,174.0,115.0,147.5,76.25,1.3008064516129032,0.9321965291618761,0.03128549707696147,0.016613735994898935,3.2623234965127352,0.9575966209942188,0.4534454643726349,0.11744342744350433,0.7940382957458496,0.07914073765277863,0.2172692065505668,0.06878461543693487,-0.016369113689500038,0.23738079876386642,0.0,0.09757580608129501,0.47950166717467047,0.06721909196161341,0.044152046783625734,0.0285204991087344,2,4.149456261269337,4.5003472425871385
train,123487,209,66.0,49.0,63.0,45.0,3.0,4.0,4.0,4.0,0.9461538461538461,0.022163120567375905,0.056910569105691054,0.02470355731225296,14.0,5.0,0.029791822656989098,0.01976650394499302,0.026228519156575203,0.018792418763041496,0.18029998242855072,0.15031767636537552,0.3743744678564522,0.266721641221977,85.0,76.0,39.0,16.0,2.4444444444444446,1.6931818181818183,0.05414864483278923,0.02426493254444447,1.850471140435805,0.3478057421157683,0.5463560223579407,0.12203603982925415,0.6582310795783997,0.09358453750610352,0.46985607381109445,0.12948052291682216,0.0966310289828678,0.18558277356713665,0.0,0.0,0.5563129770512484,0.08488309695560692,0.042105263157894736,0.02580901330156839,3,-3.6778177593133417,-0.2399879297346162
train,123489,93,44.0,31.0,43.0,29.0,3.0,2.0,4.0,2.0,0.9428571428571428,0.025686977299880565,0.06060606060606061,0.029152542372881354,11.5,3.666666666666668,0.0611603744328022,0.0413980670273304,0.052293162792921066,0.03617045283317566,0.237859308719635,0.15514983236789703,0.24988655886524064,0.1216753488702661,73.0,57.0,47.0,9.0,1.58,1.289473684210526,0.0655166655682187,0.028747506694552942,2.6138965277621526,0.4068298543117579,0.4331408441066742,0.10524669289588928,0.7941350936889648,0.08501803874969482,0.3020362063706474,0.08581087251944547,0.03799287093860224,0.14678133496325652,0.0,0.0,0.7047244980931282,0.10809289250813481,0.1,0.05526963526516,0,-3.065440589903521,-6.685796328289125
train,123490,174,90.0,54.0,87.5,52.0,2.0,3.0,3.0,3.0,0.972850122850123,0.021696173601839508,0.027907580477673936,0.022897931487032643,24.1,16.356060606060606,0.03210511617362499,0.019063242245465517,0.03119766339659691,0.018974225036799908,0.16338305920362473,0.1283529158681631,0.16699808706043812,0.16336045548574876,154.0,91.25,56.0,21.75,2.664190573770492,1.5486271986271987,0.05189539743073829,0.01809701571458268,2.6980143655530395,0.5765509559779534,0.5714932084083557,0.08236818015575409,0.6684110462665558,0.08262357115745544,0.3016397783053129,0.109313595545699,0.014686086428859603,0.13083008417944905,0.0,0.19996000826358795,0.4660364689759193,0.06177009041455206,0.03908836261777438,0.026146012717239812,3,0.9948448314155299,2.470989788115524
train,123491,148,62.5,40.75,59.0,38.5,3.0,3.0,4.0,3.0,0.9448249619482496,0.021669895778396175,0.05839727195225916,0.02425819177116434,13.0,3.258928571428571,0.034321075305342674,0.025861893314868212,0.029675588943064213,0.024933222215622663,0.15632053464651108,0.1205014530569315,0.2759258787286539,0.16026360899096587,142.0,95.75,43.0,36.25,3.2301587301587302,2.2393936877076417,0.0518393626916204,0.02387539877010454,2.099782568079932,0.5322721011269482,0.6519270837306976,0.12880639731884003,0.6068298816680908,0.12920358777046204,0.41855119504635924,0.16962365825641906,0.018762028507145465,0.10199758321204186,0.0,0.23108959197998047,0.6386952680543441,0.08738297640315729,0.06976744186046512,0.03782830142366225,3,-3.1167528714873267,-2.244369216750189
train,123492,105,92.0,58.0,90.0,57.0,2.0,3.0,3.0,3.0,0.9714285714285714,0.024122807017543768,0.029411764705882353,0.02562111801242236,23.5,14.75,0.031408168375492096,0.019428281113505363,0.02734486758708954,0.015006495639681816,0.16183534264564514,0.1855962574481964,0.17537400695728067,0.23048986364091556,151.0,91.0,80.0,38.0,1.9583333333333333,1.4341281921190598,0.039482904864136026,0.014607307653571752,2.7164980535801955,0.5082847922924811,0.6617386341094971,0.08608001470565796,0.6336274147033691,0.09725010395050049,0.2522835933906014,0.08398613671318786,-0.04977673337275425,0.18788780721050044,0.0,0.1249687597155571,0.5178105588507863,0.06726903450738908,0.05755395683453238,0.027856357064277852,2,0.6791384273993308,3.0659986573876483
train,123493,132,74.5,47.0,74.5,47.25,0.0,2.0,1.0,2.0,1.0,0.02031914893617026,0.0,0.020740905057675244,40.25,55.33333333333333,0.0420228336006403,0.02202659472823143,0.03978540934622288,0.023409736342728138,0.0,0.20297518000006676,0.0,0.1229651899503153,97.0,61.25,46.0,15.25,2.12737030411449,1.1098924022837067,0.07873851793266029,0.028109421402130436,3.154118922868764,0.6182787692459204,0.44601157307624817,0.0845743715763092,0.7712660729885101,0.06340581178665161,0.27350378862678676,0.0688243948945281,0.01541782485582871,0.1234922197919509,0.07141836732625961,0.17043998837471008,0.5131978892056693,0.05137133798875554,0.047431571053618296,0.023464680315111848,1,8.324011246676067,0.07610576153422574
train,123494,164,70.5,62.0,68.0,58.0,2.0,2.0,3.0,2.0,0.9682681242807825,0.027357658214801184,0.03277179416367486,0.029325402841548994,21.416666666666664,13.770833333333332,0.043184228241443634,0.0286325691267848,0.038178835064172745,0.024006241466850042,0.220633827149868,0.1743370071053505,0.19989106269120335,0.20862900025250536,129.0,91.75,96.0,33.25,1.3636946035574313,0.9253502371684763,0.03924998238830468,0.0146824238217447,2.995981801396046,0.8384016174976776,0.38857632875442505,0.11271119117736816,0.8291186690330505,0.08120593428611755,0.25471734884093955,0.09301369768180306,0.026952513736146638,0.18286430338052495,0.0,0.14041082188487053,0.4887317488044217,0.07518973893953945,0.05128205128205128,0.030927923300804655,2,0.22591548280971385,1.6955411109187501
train,123495,233,81.0,50.0,77.0,49.0,4.0,3.0,5.0,3.0,0.9534883720930233,0.015353651523864364,0.04878048780487805,0.016853932584269662,16.5,6.0,0.03610390052199364,0.022900644689798355,0.034304700791835785,0.01999778486788273,0.23988188803195953,0.12824884057044983,0.3404347732408445,0.19860798865698248,226.0,152.0,117.0,39.0,1.9477124183006536,1.2966209349593496,0.02658072303323185,0.009283113695759966,2.7761843945727764,0.543746023355121,0.4501616060733795,0.11822831630706787,0.7611663937568665,0.08522087335586548,0.29564480656265246,0.07285946241070429,0.02471334568679556,0.13853231826337375,0.0,0.0714234709739685,0.4580026316642761,0.06915768481843221,0.05128205128205128,0.025393525393525393,3,-2.4554788851519653,4.4157501986890235
train,123498,69,74.0,36.0,72.0,36.0,3.0,2.0,4.0,2.0,0.9627329192546584,0.014230979748221184,0.03870967741935484,0.01540588583843571,19.428571428571427,5.300000000000001,0.04278557002544403,0.02104494348168373,0.036637164652347565,0.01581263542175293,0.17010198533535004,0.14177963137626648,0.18473472784319062,0.12157621434713856,89.0,40.0,53.0,26.0,1.791044776119403,0.8035190615835779,0.06435472920138464,0.027092357563713386,2.8552837434494114,0.7240677488333578,0.5104382038116455,0.10591951012611389,0.7245316505432129,0.09857481718063354,0.253179842146555,0.08440809281186684,0.01355212759324684,0.14842619521332268,0.0,0.0,0.6151453191819398,0.08217072671698045,0.06756756756756757,0.03490196078431373,0,-0.17642111950979375,-0.8628481661512319
train,123499,79,76.0,63.5,76.0,63.5,0.0,0.0,1.0,0.0,1.0,0.0,0.0,0.0,75.0,63.0,0.041478078812360764,0.03311523422598839,0.038571421056985855,0.02991510648280382,0.0,0.0,0.0,0.0,87.0,64.5,52.0,24.5,1.7413793103448276,1.3824836256947455,0.08109768239388335,0.04190775104951974,3.2473239320062657,0.6926360595374819,0.45765921473503113,0.06751640141010284,0.8019070029258728,0.06654688715934753,0.23772681407787533,0.05837274739469328,-0.06471572774204676,0.18723289958376918,0.08331944793462753,0.2499375194311142,0.5278615044510883,0.055463222159025105,0.06306306306306306,0.02336935026484066,1,12.959876580649702,-0.4177433441978526
train,123500,195,72.0,43.0,69.0,40.0,4.0,3.0,5.0,3.0,0.9506172839506173,0.02250903458957154,0.05194805194805195,0.024929742388758787,15.0,4.680555555555555,0.03564104065299034,0.017244109883904457,0.03269220143556595,0.016611960716545582,0.22125282883644104,0.11465255171060562,0.31770003861940077,0.22456984141185946,181.0,116.0,101.0,45.0,1.7826086956521738,1.210919708515629,0.028625086734169407,0.011030885351172234,2.4174298886344263,0.43364546778581525,0.5202593803405762,0.10172288119792938,0.696841299533844,0.0982087254524231,0.33822395097448166,0.10120344029322181,0.0673741368641274,0.2164035355135722,0.0580783486366272,0.12498436868190765,0.5015661096572877,0.09839122128798639,0.04672897196261682,0.03058072758884118,3,-3.4161309814443572,2.4726400558540074
train,123501,158,77.5,58.5,73.0,55.75,4.0,4.0,5.0,4.0,0.9516685205784206,0.020463701675002,0.050786047654139035,0.022623715570144157,15.666666666666666,4.958333333333334,0.038176681846380234,0.025730194058269262,0.03291285037994385,0.021389341447502375,0.1894848495721817,0.11646215617656708,0.2947135500146989,0.22150158493420286,128.5,102.0,83.5,32.5,1.6097014925373134,1.1338810756798667,0.03978071898405252,0.018986683218420175,2.744085433462544,0.6197757276949312,0.41072480380535126,0.10657607764005661,0.7902120053768158,0.07661379873752594,0.27111919376926047,0.08237094315567273,0.0005129388377109355,0.16217419794142285,0.0,0.09885384887456894,0.623340612439194,0.0836091547041995,0.07898841354723707,0.042118734859021165,3,-2.544131333326135,0.6302556003483754
train,123502,162,86.5,70.25,82.0,67.0,4.0,3.75,5.0,3.75,0.9550280898876404,0.014895729890764708,0.04708962118878965,0.01633986928104575,17.07142857142857,4.3125,0.033834319561719894,0.023617383558303118,0.0314664039760828,0.02120722085237503,0.1963130161166191,0.12165382876992226,0.2676847809742217,0.14076529675850027,83.5,56.5,41.0,11.0,2.0135135135135136,1.265459359481099,0.07847474457123751,0.020436655952075847,2.7674166007693746,0.5259839887696631,0.4770519584417343,0.10058735311031342,0.7130849957466125,0.082966148853302,0.29469267343738914,0.07721200801793104,0.022652764351441295,0.14689511990474885,0.0,0.0,0.5076838751939627,0.06533012180931813,0.04145189003436426,0.0258278913194304,3,-1.8379172973081932,1.6384124399333653
train,123504,141,75.0,38.0,73.0,38.0,3.0,2.0,4.0,2.0,0.9607843137254902,0.02227602905569004,0.04081632653061224,0.024159663865546216,18.11111111111111,8.166666666666668,0.03971332311630249,0.020617494359612465,0.03639230877161026,0.016489507630467415,0.20563258230686188,0.11992292106151581,0.22776977275985077,0.2039061506019301,131.0,72.0,50.0,22.0,2.65,1.736842105263158,0.060269624892979455,0.027862984637707013,2.769017565819064,0.473859064654063,0.6985433101654053,0.07498449087142944,0.6024322509765625,0.08583605289459229,0.2535210811144239,0.08205463222451426,-0.022781634592953296,0.09563666670047813,0.0,0.2499375194311142,0.5328537659211592,0.07629698579127969,0.060240963855421686,0.032792925571112755,3,-1.021735296691965,-0.06489024332499538
train,123505,266,78.5,64.0,74.0,60.75,4.0,3.0,5.0,3.0,0.9473684210526315,0.01784013151806474,0.05555555555555555,0.019869410214678765,14.48076923076923,5.152777777777777,0.035427480936050415,0.02584830019623041,0.03163006156682968,0.022129617165774107,0.2202087566256523,0.11971845477819443,0.3688455831146071,0.214768694307354,132.5,112.25,79.0,26.0,1.7659090909090909,1.2402040447815097,0.03945691886381279,0.01721776085445275,2.6309731162090664,0.4598106310684118,0.5513716340065002,0.10793700069189072,0.7044061422348022,0.09686501324176788,0.2858798025409248,0.06885938130204705,-0.024695582106894272,0.13464007353725888,0.0,0.0,0.5326052710730979,0.07860501282732324,0.06681547619047619,0.03649693095012982,3,-3.0153840097498588,1.4713994753224615
train,123506,43,74.0,59.5,74.0,59.5,0.0,1.0,1.0,1.0,1.0,0.01148252944660122,0.0,0.011616161616161616,52.5,40.95,0.05463552102446556,0.032144345343112946,0.04696885123848915,0.023131130263209343,0.0,0.0770086906850338,0.0,0.028033540822204238,90.0,65.0,68.0,27.0,1.352112676056338,1.0459093123027547,0.0734777107194464,0.021784806869046464,3.753200827020666,0.8730406453123334,0.3434547185897827,0.07552452385425568,0.8607504367828369,0.05423387885093689,0.19839479368560278,0.04746560889253337,0.11119595908006781,0.19056729632869393,0.09429199993610382,0.1742202714085579,0.5727720339047281,0.06283827804248143,0.08737864077669903,0.03527242328874902,1,9.580326715786192,-1.187670289229761
train,123510,153,89.0,85.0,85.0,81.0,4.0,4.0,5.0,4.0,0.9538461538461539,0.015594541910331383,0.04838709677419355,0.01709401709401709,16.875,5.9,0.0298359002918005,0.022752217948436737,0.02673223614692688,0.020859399810433388,0.209073007106781,0.1545373797416687,0.35943666920419276,0.19344404877977323,165.0,155.0,73.0,20.0,2.3592233009708736,1.6459203036053132,0.038002945540787335,0.013212528690625315,2.54443344243851,0.4785278439217624,0.42620015144348145,0.07792392373085022,0.7779781818389893,0.06563025712966919,0.3277119467430492,0.07914016798733214,0.03220764911885047,0.11841599134916146,0.0,0.0,0.5090747023676778,0.061946338026355297,0.05511811023622047,0.03004926108374384,3,-2.577140236518161,4.086594481481845
train,123511,92,65.5,67.5,63.5,63.5,3.0,3.0,4.0,3.0,0.9495762711864406,0.014303519061583558,0.0531015037593985,0.01576303598362422,15.633333333333333,6.020833333333334,0.04683593101799488,0.02938195876777172,0.04427941329777241,0.029199031181633472,0.18583062291145325,0.13808017782866955,0.21228776480435874,0.14176241708261572,140.0,117.25,67.0,19.25,2.1335308908045976,1.2536107367475289,0.05284495973120519,0.014977212425273355,3.03147984244134,0.6278684289154293,0.5935710072517395,0.10017330944538116,0.6645430326461792,0.09040100872516632,0.2450185185002305,0.09359950315281018,0.07306869716296976,0.16563858647105442,0.0,0.07141836732625961,0.5958308726549149,0.06382256260487418,0.07246376811594203,0.032115845237581465,3,-1.3057527497311505,-0.2373744285677837
train,123512,122,51.0,43.25,49.5,41.75,2.0,2.0,3.0,2.0,0.9625584112149532,0.026197786807030443,0.03889799520867482,0.02832881803446813,16.708333333333336,10.2375,0.053958600386977196,0.041955914348363876,0.048427268862724304,0.03489063121378422,0.19852264970541,0.16603827103972435,0.14657681887682303,0.1885712310643557,81.0,69.5,42.0,16.75,1.9089795918367347,1.05610661268556,0.07022298569444632,0.024433080069353297,2.5679840740875495,0.596533227568941,0.5087219774723053,0.08702126145362854,0.7162321507930756,0.07792085409164429,0.3146967389725156,0.08344631215093679,0.06883723550434656,0.1646400717681024,0.0,0.09998000413179398,0.6045899629336348,0.08189729810242186,0.0513977547875853,0.03369033732907029,0,-0.5707958093409932,-3.366004602504023
train,123514,247,68.0,58.5,67.0,55.5,2.0,3.0,3.0,3.0,0.9591836734693877,0.02655629694909578,0.0425531914893617,0.028817627366476833,16.666666666666668,9.033333333333335,0.04279056191444397,0.02674078568816185,0.03616541624069214,0.023881101049482822,0.2004130482673645,0.17577581852674484,0.24733181814368596,0.20478952433113384,85.0,69.0,54.0,24.0,1.6041666666666667,1.0661208072972779,0.06179952928304979,0.0276264126639612,2.666448216368977,0.6112911494226001,0.45226770639419556,0.09423048794269562,0.7677901983261108,0.079201340675354,0.27314122958382625,0.10710429878263567,0.02875343702007354,0.2210433459534655,0.0,0.0,0.58317728656711,0.09290083832981899,0.06086956521739131,0.033910533910533905,0,-1.022307529765431,-0.7927458982321018
train,123515,114,60.5,41.75,57.0,39.75,3.0,3.75,4.0,3.75,0.9411764705882353,0.021378700635881875,0.0625,0.024099337038568126,12.472222222222221,3.8194444444444446,0.037688396871089935,0.02312741009518504,0.028969726525247097,0.020542244892567396,0.17777804285287857,0.08259043470025063,0.3412695548654767,0.21074993659038746,86.0,58.75,40.0,9.75,2.0943866943866944,1.5370915268941587,0.059571876330849594,0.021687838814664635,2.1214588050828187,0.34229011323441205,0.4989289939403534,0.11664848774671555,0.6878011226654053,0.09429442882537842,0.39981362997020864,0.11358752797946065,0.024976931133487344,0.15279811947517877,0.0,0.0,0.5834814784794422,0.06070489765359144,0.045454545454545456,0.03188311688311689,3,-3.234109039605435,-1.5487712201726822
train,123517,202,87.5,64.0,83.5,60.5,4.0,4.0,5.0,4.0,0.9531980140186915,0.0187013241361067,0.04909996785599485,0.020513474690883653,16.198412698412696,5.573145604395604,0.03978303633630276,0.025864855386316776,0.03490752540528774,0.022998991888016462,0.24217914044857025,0.13175427541136742,0.3288511789028129,0.20028223142120952,149.5,96.25,87.0,30.0,1.6476939203354297,1.0504480286738351,0.04466110147923219,0.013986113866818695,3.254121238075124,0.6459995100036018,0.527861624956131,0.10333069413900375,0.7720637619495392,0.09164747595787048,0.21312509764627677,0.05194996110177377,-0.08796273203165646,0.19153284710552967,0.0,0.16665161401033401,0.45397677909869416,0.05482298163943078,0.04692122463020296,0.02314368585452923,3,-1.8499822009379103,3.879474701501644
train,123518,60,53.5,38.5,52.5,38.0,1.0,1.0,2.0,1.0,0.9747939124920736,0.028263761700335954,0.025859192525859193,0.02985586401079359,21.416666666666664,13.0,0.05564131960272789,0.0354244252666831,0.04690057225525379,0.03358419053256512,0.1575475037097931,0.17232461646199226,0.08429108590733413,0.19519552224786163,77.0,65.75,50.0,23.25,1.6222875226039783,1.3424869172475193,0.06720952675915848,0.03166866318701333,2.6750250247959824,0.73664785962234,0.551557183265686,0.09435673803091049,0.7016314566135406,0.08468647301197052,0.30215103731307447,0.10260741094079245,0.03350532522275433,0.22242633414146462,0.0,0.0,0.6597192258856415,0.06317190438836118,0.07143869596031183,0.04307692307692308,0,1.3652356456453258,-4.294237517246867
train,123519,63,75.0,58.0,72.0,53.5,4.0,4.0,5.0,4.0,0.948051948051948,0.019227008266946788,0.0547945205479452,0.021351112655460476,14.6,4.2928571428571445,0.0494651161134243,0.032564837485551834,0.041460923850536346,0.02966948039829731,0.19598862528800964,0.16741999238729477,0.23643565030195976,0.16116470952615541,95.0,81.5,72.0,28.5,1.5161290322580645,1.0415666923687557,0.05723007684004934,0.023662408359974643,3.2366484888635663,0.676567610230312,0.4726170599460602,0.10532885789871216,0.776103138923645,0.07600080966949463,0.22015246563151952,0.06379920030840969,-0.0366144299721425,0.12963397643744226,0.0,0.0,0.6169868650618923,0.06789664460163025,0.08163265306122448,0.03486721611721613,0,-1.8696050094948162,-0.32421822939109685
train,123520,259,72.0,56.5,69.0,54.0,4.0,4.0,5.0,4.0,0.9473684210526315,0.015123038281754986,0.05555555555555555,0.016883457035369018,14.222222222222221,4.011904761904763,0.037456169724464417,0.02840894926339388,0.031501349061727524,0.02420635800808668,0.20773829519748688,0.13194584846496582,0.3366375450351254,0.1848463121419237,124.0,115.0,70.0,22.5,1.8524590163934427,1.2800597912490497,0.042985759741907235,0.017540767865585304,2.498352240875512,0.37768142830262397,0.449461966753006,0.10039815306663513,0.7631284594535828,0.0878966748714447,0.33442711056390645,0.08446144832300123,0.03570973748168103,0.15699866748812594,0.0,0.0,0.5303621923222261,0.0789334210548015,0.05263157894736842,0.031762989671248854,3,-3.159268633142981,1.2178888308755609
train,123521,20,69.5,64.25,66.0,59.5,3.5,5.0,4.5,5.0,0.9453405017921147,0.02287376048817702,0.05782085561497326,0.025594124185673486,14.133333333333333,4.914215686274511,0.039728762581944466,0.023912765085697174,0.03768597170710564,0.021923030726611614,0.2335829958319664,0.13545160740613937,0.3083279461575845,0.15141670622922243,83.0,98.25,48.5,12.25,1.7349939975990396,2.077826813379687,0.06671973986944481,0.019706220085061336,2.666411952739935,0.5784248477710099,0.3571406304836273,0.08517445623874664,0.8139530718326569,0.07147841155529022,0.3363960367654283,0.07386018435077146,0.016022846879053882,0.24958639833785798,0.0,0.0,0.5865664063465028,0.0653217380097958,0.08134920634920634,0.01872165931763456,3,-2.7939116794961536,0.34685308923888203
train,123522,96,68.5,62.5,66.0,58.75,3.0,3.0,4.0,3.0,0.9632996632996633,0.017300556586270943,0.038098693759071114,0.018742142976868922,17.583333333333336,6.253472222222221,0.03489233925938606,0.023223206400871277,0.03051504958420992,0.02061988925561309,0.19559034705162048,0.12092834338545799,0.2234667128801869,0.15560734470425003,91.0,96.5,78.0,62.25,1.4053881278538813,1.2874038141984303,0.04559377363061777,0.03206944226818602,2.5240318365646033,0.8035542797447786,0.38617953658103943,0.1677003800868988,0.8165326416492462,0.11952593922615051,0.3082927906914127,0.12380790212790604,0.09094157529746923,0.2005279938958755,0.08943882212042809,0.19996000826358795,0.5119179871809267,0.0834793020096703,0.045370370370370366,0.029937156111770426,3,-1.1831829691098947,1.6754887907168057
train,123523,97,63.0,44.0,61.0,43.0,2.0,3.0,3.0,3.0,0.9655172413793104,0.016666666666666607,0.03571428571428571,0.017940199335548173,18.0,6.190476190476192,0.047168243676424026,0.026646558195352554,0.04165863245725632,0.02732003666460514,0.18107664585113525,0.1523820012807846,0.1712045397574482,0.11579052768466049,81.0,52.0,40.0,31.0,2.25,1.373202614379085,0.07762936529642443,0.04285941123962402,2.7025594442173984,0.541469720881687,0.519424319267273,0.11674240231513977,0.7068234086036682,0.0889747142791748,0.2724670321465126,0.0799199789228428,-0.039874004074065744,0.08784192324068253,0.0,0.0,0.594156302511692,0.06769789990597641,0.05194805194805195,0.029619805481874442,0,0.24416412447553612,-1.7579148132572846
train,123524,39,64.0,50.5,62.0,47.5,3.0,3.0,4.0,3.0,0.9453125,0.026120914302732445,0.05785123966942149,0.029152421906067677,13.0,5.838888888888889,0.04555398225784302,0.02735099382698536,0.040430374443531036,0.021350419148802757,0.1719907820224762,0.06971831619739532,0.22918106821365034,0.1742173990860444,92.0,72.0,45.0,14.5,2.090909090909091,1.3056843920191374,0.07698317697472441,0.0299792136586121,2.898460507518327,0.6188025372387775,0.46602025628089905,0.11501540243625641,0.7600706815719604,0.09024083614349365,0.2851561726040513,0.0868904221951316,0.05676536183044176,0.13696264894266594,0.0,0.09046908095479012,0.5944159994734094,0.0739615628913386,0.05755395683453238,0.043915857605177994,0,-2.053050649963853,-2.3073248482869895
train,123525,191,69.0,58.5,67.0,56.0,2.0,2.0,3.0,2.0,0.9637681159420289,0.016980289825117456,0.03759398496240601,0.01838886195503843,18.666666666666668,6.0,0.05653153732419014,0.025155704468488693,0.04940656200051308,0.022197142243385315,0.2931402623653412,0.17791632562875748,0.22558157816317406,0.16851855360527837,190.0,129.5,160.0,66.5,1.2,0.712868769972121,0.030915852638684075,0.012081985306955458,3.718924573790316,1.1904060424560479,0.3885250985622406,0.10579432547092438,0.8504008650779724,0.060792505741119385,0.1887048435842532,0.05679809260835411,-0.03450561650575607,0.24337185484630178,0.0,0.0,0.4532621192932129,0.06081814003496527,0.05555555555555555,0.03344989653951917,2,0.40682165285026856,4.119106163468646
train,123526,197,70.0,52.0,67.0,49.0,3.0,4.0,4.0,4.0,0.9484536082474226,0.02447552447552448,0.05434782608695652,0.02716417910447761,15.0,5.800000000000001,0.03991229459643364,0.030861690640449524,0.035363078117370605,0.02448444999754429,0.19719138741493225,0.11833050847053528,0.2743863807061596,0.17457415883563296,95.0,77.0,44.0,22.0,2.1470588235294117,1.3633556356150285,0.0679290433512837,0.022890434054808492,2.640056612086697,0.5502223655952503,0.4880724847316742,0.10367792844772339,0.7371178865432739,0.0878903865814209,0.31150092023999854,0.09186926441594723,-0.011571477305937763,0.09911735629520949,0.0,0.0,0.5865690287421731,0.08353613568590834,0.06060606060606061,0.04333333333333333,0,-2.3818254476433127,-1.5126817274953237
train,123527,146,66.0,47.75,64.0,47.5,2.0,3.0,3.0,3.0,0.9663841807909604,0.03356844305120166,0.03478523895946763,0.03595368243905834,19.5,15.025641025641026,0.04125610366463661,0.025167691987007856,0.03676009923219681,0.025751024018973112,0.1630803793668747,0.1464056260883808,0.16817329061867464,0.22318827354182183,65.0,48.0,26.0,12.0,2.5684615384615386,1.721843434343434,0.10568112936544347,0.04107807089497145,2.4983890280729755,0.5489336267529197,0.5598020553588867,0.09483984112739563,0.6600666642189026,0.09159967303276062,0.3354418064014866,0.09505269146299594,-0.014324628013636641,0.08941033812544515,0.0,0.0,0.5822843970923588,0.0677051898137162,0.05714804063860668,0.03151637990189849,0,-0.22732793799183743,-2.6910744166504044
train,123528,87,69.0,46.5,67.0,44.5,3.0,4.0,4.0,4.0,0.96,0.02349942605251565,0.041666666666666664,0.025530769277046818,18.0,7.5472222222222225,0.04277180880308151,0.025406023487448692,0.04006737098097801,0.025027524679899216,0.19142694771289825,0.15379812568426132,0.20154745895162374,0.138656522323704,121.0,88.0,55.0,25.0,2.210526315789474,1.3986821149864628,0.05830049344194614,0.022509839279684488,2.7872933301060403,0.4560012935391966,0.5304006338119507,0.08996345102787018,0.7014217972755432,0.09964677691459656,0.28326158824493153,0.10521276390384521,0.044267569430625174,0.12921190414359254,0.0,0.08711360394954681,0.5609358354048295,0.055798135874222776,0.05555555555555555,0.022785139621402342,3,-1.2235371917531108,0.1412846661542539
train,123529,218,68.5,63.5,65.5,60.75,3.0,4.0,4.0,4.0,0.9523809523809523,0.019494342291372035,0.05,0.021591161447923606,15.25,5.126488095238095,0.040045253932476044,0.029062161687761545,0.03601103276014328,0.026260480750352144,0.18307750672101974,0.11406220868229866,0.258543729877614,0.17276362061406772,76.0,65.75,33.0,15.0,2.2421875,1.6067538126361653,0.09070804986086758,0.03567588166493277,2.686115787576923,0.46060275758470226,0.4824244976043701,0.12400424480438232,0.7113174498081207,0.11877758800983429,0.2997806332409031,0.07710867534329152,0.02762897487240714,0.12923065687122592,0.0,0.0,0.5680376633089417,0.07116538239239523,0.05423791138076853,0.029891304347826088,3,-1.904137521966025,-1.302759333111948
train,123530,123,71.0,54.5,70.0,53.5,2.0,2.5,3.0,2.5,0.9791666666666666,0.02933338925705342,0.02127659574468085,0.030440680009645525,28.0,20.875,0.040995996445417404,0.02530719805508852,0.03641785308718681,0.022550219669938087,0.12112779170274734,0.20372246392071247,0.08800134706827148,0.20040465860378243,94.0,72.0,46.0,26.5,2.108695652173913,1.6253663003663004,0.07026045846874736,0.02434270755842126,2.8460631972310266,0.5651229780181941,0.5921739935874939,0.10175684094429016,0.660528838634491,0.10335958003997803,0.2675456872667971,0.09341990945076245,-0.03287315660715618,0.13440713067994067,0.0,0.0,0.5343118798348212,0.07090266891208663,0.04081632653061224,0.027031414531414527,2,1.8244579106691394,0.013081355021956021
train,123532,72,67.5,44.25,67.0,43.5,0.0,1.0,1.0,1.0,1.0,0.017857142857142905,0.0,0.01818181818181818,40.33333333333333,48.0,0.05862467363476753,0.03098768275231123,0.05135028623044491,0.030295390635728836,0.0,0.11984708718955517,0.0,0.047811819970618924,84.0,49.75,61.0,30.0,1.4346590909090908,0.8782770902828982,0.07424697519533081,0.04155167626207585,3.760673161429647,1.1403721047956483,0.5445586144924164,0.07003328204154968,0.7618981599807739,0.06201539933681488,0.18037453799432968,0.06319413188617168,-0.14092670744791486,0.24724064505323406,0.0,0.0,0.6539558505525395,0.07551621398223174,0.09780009564801531,0.038713611329661696,1,9.269810707000692,-3.5228038110606357
train,123533,212,69.5,38.5,66.5,35.5,3.0,3.0,4.0,3.0,0.953125,0.024400519295387446,0.04918032786885246,0.026755365500366453,16.162337662337663,6.175000000000001,0.0325081255286932,0.017735105473548174,0.0300062270835042,0.01870711473748088,0.1708655133843422,0.1252744421362877,0.28604500983684134,0.20673068866330305,88.0,60.25,27.0,9.0,3.3582621082621085,2.2633505598621877,0.0822831980761575,0.026681294782116005,2.194817950562519,0.3564099650391106,0.619135320186615,0.09120859205722809,0.5862049758434296,0.09382152557373047,0.40167316190836516,0.09371408541176823,-0.002561100387219226,0.08936939430525705,0.0,0.0,0.5750700770619371,0.06791734197625399,0.051993692273034464,0.02901310401310401,3,-2.3091546566156596,-1.4334665270706672
train,123534,120,69.0,59.0,67.5,57.75,2.0,1.0,3.0,1.0,0.9675666199158486,0.0200892857142857,0.033520599250936325,0.021387411347517732,21.291666666666664,12.487499999999997,0.047833314165472984,0.03404211159795523,0.044244250282645226,0.03112577786669135,0.17205053567886353,0.14401383511722088,0.1334728719046272,0.10045419618872528,73.5,58.75,41.0,17.25,1.8283730158730158,1.171620602719069,0.0935127428044358,0.03400352701991473,3.340963145977472,0.6147195222349944,0.47972050309181213,0.09835394471883774,0.7615688443183899,0.09000241756439209,0.2393012074708578,0.05625843057491306,-0.016992728865309448,0.14000771302302814,0.0,0.14878727495670319,0.5819684486435541,0.08761586510339148,0.07258536585365853,0.044440318981475824,0,1.337738068989104,-2.7136870944033213
train,123535,225,89.0,57.0,86.0,55.0,3.0,3.0,4.0,3.0,0.9583333333333334,0.02069670385827438,0.043478260869565216,0.022483345669874165,18.2,7.416666666666668,0.0389978364109993,0.019933655858039856,0.03711845353245735,0.019361533224582672,0.2094484120607376,0.11558490991592407,0.24308373317062348,0.18374803745098575,131.0,79.0,74.0,24.0,1.7564102564102564,0.9448717948717951,0.05064798712186073,0.017550805220233008,3.319356239684213,0.7959538065731597,0.35267746448516846,0.06791025400161743,0.8338829278945923,0.062019169330596924,0.2480823487636734,0.05719323060655351,0.016642617095375917,0.1359212246123843,0.0,0.0954454094171524,0.5070659225637263,0.07615700736333753,0.05434782608695652,0.030707070707070704,3,-0.5572739858568044,2.4640122303476306
train,123536,190,70.5,56.75,67.0,54.75,3.0,2.75,4.0,2.75,0.9607843137254902,0.021456094702762774,0.04081632653061224,0.02327038398013311,18.57777777777778,8.141666666666667,0.03644170053303242,0.028002834413200617,0.034291209653019905,0.02568425564095378,0.19093288481235504,0.14307117275893688,0.2329776990327485,0.18059875440622308,130.0,112.0,58.5,30.0,2.35652383245065,1.791469428281287,0.046188080902730855,0.022950061121595908,2.407199221989354,0.43015992099434053,0.5624471306800842,0.09939950704574585,0.6628491282463074,0.10831296443939209,0.34313716550733764,0.1100950505426348,0.035105977915544206,0.14056734609078525,0.0,0.14283673465251923,0.5126712055482727,0.08389146696595418,0.052289815447710185,0.030445969125214405,3,-1.6270289110862315,0.41766659330263745
train,123537,149,67.0,58.0,63.0,54.0,3.0,5.0,4.0,5.0,0.9411764705882353,0.02189054726368156,0.0625,0.024553571428571425,13.222222222222221,4.275,0.039832182228565216,0.028341000899672508,0.03464794531464577,0.023433750495314598,0.22808726131916046,0.1398485004901886,0.34877767632188994,0.2332877089134759,138.0,110.0,71.0,27.0,2.147727272727273,1.4868686868686867,0.04094122285650606,0.015531927859286553,2.493872840338322,0.3813805859588064,0.5754137635231018,0.08967196941375732,0.68677818775177,0.07591694593429565,0.298788231400083,0.08891985573018507,0.035475792114575286,0.12161034930727212,0.0,0.09998000413179398,0.5690056920051575,0.0807116573507135,0.07142857142857142,0.0339717282261742,3,-3.4440861760711705,0.27746289758313236
train,123539,166,71.5,49.25,67.0,46.0,3.0,3.0,4.0,3.0,0.95,0.019884514083068128,0.05263157894736842,0.021899653744313935,15.38888888888889,5.830357142857142,0.038458626717329025,0.02310996875166893,0.03394036740064621,0.021038096863776445,0.18922272324562073,0.09949521347880363,0.2707959352511988,0.1834270410270001,80.5,56.5,42.0,15.0,1.998299319727891,1.0966895604395606,0.06946722205123394,0.024141258214585896,2.4749753782761093,0.40655832377235646,0.5108190178871155,0.10827942937612534,0.7110363245010376,0.07931940257549286,0.31856422547425645,0.08928635241582239,0.05153148583465617,0.1784621640612214,0.0,0.0,0.5688899556039275,0.07664245081457399,0.05263157894736842,0.028516424410977598,3,-1.93826870269884,-0.6912664848047865
train,123540,64,74.0,35.5,73.5,33.5,2.0,2.0,3.0,2.0,0.9783777466105656,0.020824699236764777,0.0221001221001221,0.021814141997141386,28.25,18.0625,0.04521210491657257,0.018449747934937477,0.03865259326994419,0.013468108139932156,0.16112016886472702,0.13707879930734634,0.09093943925300818,0.1502632058582184,128.0,75.5,87.0,66.5,1.5233695652173913,0.9183895640832065,0.047309743667642526,0.017439563948359868,3.3190821700565776,0.7443927874110963,0.4975331127643585,0.12955734133720398,0.7636944353580475,0.10052081942558289,0.21616739929250894,0.07352867016726033,-0.1281678082805286,0.27017183460299343,0.0,0.0,0.5157224930016041,0.07190653447027262,0.06147644242882338,0.03250370607470238,2,2.576093116267958,1.6347463875515877
train,123541,302,72.0,63.0,67.0,57.0,4.0,4.0,5.0,4.0,0.9387429643527204,0.022537820314911916,0.0652544177134341,0.02561403508771929,12.333333333333334,4.379166666666665,0.042431415989995,0.03211839450523257,0.03696282580494881,0.029013370629400015,0.19558822363615036,0.12428933382034302,0.32333562224392687,0.19369211643340017,81.0,71.0,37.0,12.75,2.280560524746571,1.7277010092799565,0.0826088880293625,0.023730048415945934,2.713892806233593,0.4833522278611726,0.4983566701412201,0.10143229365348816,0.6952475309371948,0.08466672897338867,0.3048099240850283,0.07383776379968954,0.023532274357513032,0.13979898186082135,0.0,0.0,0.6759920882142108,0.0944438275621392,0.08888888888888889,0.03482767232767234,0,-3.487619466354311,-2.3741471186565
train,123542,157,79.0,62.0,76.0,57.0,3.0,3.0,4.0,3.0,0.9567567567567568,0.014912280701754432,0.04519774011299435,0.016267942583732056,17.4,5.199999999999999,0.034398362040519714,0.02475675381720066,0.030334213748574257,0.021955130621790886,0.1830461621284485,0.11717192828655243,0.2706749230496257,0.212850044270277,104.0,75.0,52.0,20.0,2.0392156862745097,1.6775000000000002,0.05931737069552733,0.022183919348220747,2.616959532156622,0.5115127965994373,0.6097239255905151,0.09118354320526123,0.6399455070495605,0.0916324257850647,0.28512377080886186,0.09524349530324588,0.031129683314261417,0.12742634833303146,0.0,0.0,0.5300523164320965,0.08596185959821634,0.05128205128205128,0.03446115288220551,3,-1.5792108016182507,0.466893189641744
train,123543,31,77.0,54.5,77.0,54.5,0.0,1.0,1.0,1.0,1.0,0.007576192389370462,0.0,0.007634032634032634,57.0,40.0,0.03572259843349457,0.029223804362118244,0.03504863753914833,0.02581086941063404,0.0,0.06619402579963207,0.0,0.02301866836116173,112.0,71.0,48.0,33.0,2.3636363636363638,1.8187953839129218,0.07440054738934024,0.06253506173940891,2.982858995513827,0.7836081332393086,0.615650475025177,0.17624908685684204,0.6533049941062927,0.1526694893836975,0.2700232826102208,0.0736536363078899,-0.04145585807617295,0.08717374703581475,0.0,0.0,0.5468646010307416,0.05617047750809556,0.046511627906976744,0.029683379703968702,1,9.127819417293589,-1.1416157511166958
train,123544,14,57.0,39.5,55.0,39.5,2.0,0.75,3.0,0.75,0.9680814940577249,0.021301942186088607,0.03297101449275362,0.02291666666666666,20.375,10.604166666666668,0.06192030571401119,0.03225853107869625,0.056460632011294365,0.035414816811680794,0.16497590392827988,0.12908431887626648,0.09080945626110548,0.06934832830709518,164.0,83.75,77.5,50.5,1.6041666666666665,1.5994598421598152,0.05303992417116195,0.020929795096602144,3.520857461127372,0.5238896285544321,0.5497419536113739,0.07328586280345917,0.7575046122074127,0.0831155925989151,0.21451836475737557,0.04361009907173702,-0.05041937250173695,0.07438329491140755,0.0,0.0,0.6094740632527587,0.07310724733027874,0.07903869512406733,0.02459643818537667,0,1.8322880290368841,-1.708847327939499
train,123545,144,60.5,53.5,57.5,48.75,3.0,4.0,4.0,4.0,0.9413199426111908,0.02782756349098192,0.062338082901554404,0.0313208901763889,13.226495726495726,5.066666666666666,0.04595675878226757,0.03387418109923601,0.04007309675216675,0.02745011541992426,0.18417800962924957,0.13081955164670944,0.2691948593171404,0.21008364922412223,65.0,54.25,39.0,11.0,1.8309523809523809,1.1389149695601308,0.07901244776620478,0.02898688860163834,2.5941003636306217,0.39807717746407345,0.4156646430492401,0.09097984433174133,0.7749738395214081,0.07264256477355957,0.32474175932298727,0.07054915734918199,0.06270328192904825,0.24596853550185707,0.0,0.0,0.6472320407629013,0.0914507084804308,0.06486676016830295,0.03823529411764706,0,-2.808485709291002,-3.087431067858374
train,123546,73,64.0,49.0,62.0,46.0,3.0,3.0,4.0,3.0,0.9473684210526315,0.028205128205128216,0.05555555555555555,0.031428571428571424,13.88888888888889,6.324999999999999,0.04978835955262184,0.030182555317878723,0.046744946390390396,0.024973727762699127,0.2629314661026001,0.15187779068946838,0.3097260486911498,0.23882005435970177,64.0,46.0,51.0,14.0,1.3255813953488371,1.1216783216783215,0.07377056591013537,0.02837279311873927,2.7794584673402523,0.7765945197445832,0.39401155710220337,0.1162458062171936,0.8009154200553894,0.09523642063140869,0.2808206526651513,0.06643253772455815,0.003738772350644724,0.2022860774924436,0.0,0.0,0.5402815623716875,0.07373057113539783,0.046875,0.03333333333333333,0,-2.5007629491313104,-1.2377961586532655
train,123547,193,95.0,77.0,92.0,74.0,3.0,3.0,4.0,3.0,0.967479674796748,0.01807529294440291,0.03361344537815126,0.019325603092096494,23.0,9.75,0.03647056221961975,0.025209443643689156,0.03478505089879036,0.02401653304696083,0.22493784129619598,0.13544809818267822,0.2406260659183482,0.15318836996245527,199.0,149.0,135.0,67.0,1.425,0.9483934426229506,0.03284470764147065,0.01273573047795511,3.485021204412752,0.6670261541298492,0.4143085777759552,0.11716356873512268,0.8074747323989868,0.08910524845123291,0.21275450640170426,0.06227509101469819,-0.040114354021652095,0.1606750913049943,0.0,0.06666222214698792,0.41148482590186886,0.05509932514288196,0.03508771929824561,0.01948051948051948,2,0.3923663323050388,6.71720606446038
train,123548,165,62.0,49.0,60.0,49.0,2.0,2.0,3.0,2.0,0.9661016949152542,0.027041357370095498,0.03508771929824561,0.029059829059829057,18.8,10.357142857142858,0.04503021016716957,0.031111393123865128,0.0406557060778141,0.028306718915700912,0.1728312075138092,0.14290086179971695,0.15217812982976492,0.15393237587832587,77.0,73.0,36.0,19.0,2.1481481481481484,1.7936507936507937,0.08013491122360403,0.027382774297267626,2.5528694916140253,0.4906242779006109,0.5637201070785522,0.10844361782073975,0.6654563546180725,0.10324454307556152,0.2860928325064837,0.13625806000951898,0.03863889792019233,0.16757579973786724,0.0,0.14581163227558136,0.576978566511622,0.06783646948976452,0.058823529411764705,0.029175050301810862,0,-0.23001646785139993,-2.3595283492607244
train,123549,171,53.0,36.5,50.0,34.0,3.0,2.0,4.0,2.0,0.9508196721311475,0.02323031104370432,0.05172413793103448,0.02584035217385168,14.0,4.8583333333333325,0.05124823376536369,0.027338063344359398,0.04190041497349739,0.02698452305048704,0.23143471777439117,0.14095693826675415,0.2854380077544605,0.1808499444083196,156.0,104.5,99.0,47.5,1.6451612903225807,0.9318347272754881,0.030841402493990384,0.012283540113114645,2.6130665188539615,0.6340553027187736,0.49541175365448,0.12662403285503387,0.7615694403648376,0.10928145051002502,0.2761755504293317,0.10184992540252485,-0.049651960346805434,0.18138978084972585,0.0,0.0,0.5552401687647845,0.06165496101087764,0.06060606060606061,0.044293924466338265,0,-2.2600266583711583,-0.5900461062114366
val,123456,95,82.0,66.0,80.0,63.0,2.0,2.0,3.0,2.0,0.9636363636363636,0.02032025046155206,0.03773584905660377,0.021821468972204265,20.166666666666668,8.583333333333336,0.03691906854510307,0.025255714543163776,0.03386240452528,0.022971998900175095,0.20967639982700348,0.15802408009767532,0.17834748913325638,0.1547093567426777,127.0,109.0,72.0,32.5,1.728395061728395,1.3096248093304332,0.0477914540307715,0.018516896647235805,2.915966493907291,0.47526685910098765,0.45693203806877136,0.08981798589229584,0.767742395401001,0.07801243662834167,0.28357096869097315,0.04889370920914565,-0.011733822152705981,0.13274954656698568,0.0,0.05914526246488094,0.514185003544155,0.05003066116755733,0.056910569105691054,0.024127983215316028,3,0.3080307723781423,2.4398546405882326
val,123477,36,79.5,50.0,76.0,49.5,2.0,2.0,3.0,2.0,0.9733333333333334,0.01219302513524212,0.0273972602739726,0.012821333385849513,24.416666666666664,15.5,0.03368440270423889,0.019961698912084103,0.028752153739333153,0.014499861281365156,0.16069073230028152,0.12898034788668156,0.1169218596311686,0.1572172485068785,114.0,83.75,68.0,47.5,1.8976641998149861,1.8907724628312865,0.04586487603942733,0.01788197434803175,2.490911053829655,0.5217423175351881,0.5681409239768982,0.11472228914499283,0.6939532160758972,0.09645891189575195,0.3163317410605646,0.12380758834075434,-0.03552632088411646,0.1422838829372298,0.0,0.2020476944744587,0.48775821676193887,0.0715983896566138,0.030303030303030304,0.025580858593629786,3,1.3669498518971372,2.4224677043643
val,123480,203,67.0,64.0,63.0,59.5,4.0,5.0,5.0,5.0,0.9384615384615385,0.026627634660421506,0.06557377049180328,0.03017049322359057,12.428571428571429,4.8960317460317455,0.03718310967087746,0.03258554544299841,0.033012907952070236,0.02554898988455534,0.1783813238143921,0.13611479848623276,0.33733943045136155,0.1977683937155318,102.0,88.5,41.0,12.5,2.5,1.519416129255946,0.06175617461508893,0.020645997166042984,2.2999217582909273,0.453501597835972,0.5813400149345398,0.11911022663116455,0.6285138130187988,0.10629022121429443,0.3456483927153245,0.1149231993134201,-0.00024511592404657544,0.08553765566902863,0.0,0.0,0.5824545809392179,0.08691716656005943,0.0625,0.03649418991512084,3,-4.201188942954433,-1.414165674135632
val,123488,114,62.0,43.75,60.5,42.5,2.0,2.0,3.0,2.0,0.9710144927536232,0.02455493151561705,0.029850746268656716,0.025992251739405444,20.354166666666664,14.1875,0.05054473131895065,0.03369159996509552,0.0475581306964159,0.030695293098688126,0.1788618117570877,0.1635353285819292,0.13440286220722247,0.1572759230748772,75.5,60.5,36.0,10.75,2.0,1.322203021625358,0.08529902179575641,0.030277024102910485,2.7865466173500755,0.7373203405738216,0.43837690353393555,0.11554791033267975,0.7712697684764862,0.10332487523555756,0.2984619315984899,0.12833353093540892,-0.05266112080318219,0.14729300520587088,0.0,0.16386151686310768,0.5691165566444397,0.08125506646245573,0.05607966457023061,0.03603378004973749,0,0.5925949931965917,-2.9146426469382454
val,123496,187,70.0,53.5,67.0,50.5,3.0,3.0,4.0,3.0,0.9540229885057471,0.027155748663101553,0.04819277108433735,0.02979638210657637,16.0,7.260714285714284,0.040389493107795715,0.02873232774436474,0.038639139384031296,0.027410726994276047,0.188461035490036,0.12261670082807541,0.2397585807086451,0.1854358811192282,89.0,68.0,47.0,22.5,1.803921568627451,1.2603713606780276,0.06339918220882135,0.028227790333213883,2.535940975954727,0.4851820665197395,0.4589785933494568,0.09741413593292236,0.7506475448608398,0.08053791522979736,0.3219252765633081,0.0904834645731763,0.03761873642596955,0.19790573387678698,0.0,0.0,0.5360612056472085,0.0756888521182072,0.043859649122807015,0.028104714522624974,3,-1.6987829450606164,-0.5394667085380982
val,123497,149,66.0,50.0,62.0,47.0,3.0,3.0,4.0,3.0,0.9523809523809523,0.0226789510985117,0.05,0.025,15.5,5.75,0.03899793326854706,0.026628416031599045,0.0326685756444931,0.022414742037653923,0.18418839573860168,0.10715530812740326,0.26792685516792875,0.21277474469953248,64.0,52.0,41.0,18.0,1.671641791044776,1.2097288676236047,0.07403941227839543,0.03353355381483737,2.449034029617837,0.5615423920840552,0.3930042088031769,0.10104674100875854,0.803518533706665,0.0758366584777832,0.337164622469598,0.11455975356917703,0.057867360448312415,0.17202214677954536,0.0,0.0,0.6039559131576901,0.07354637445923151,0.0625,0.027852650494159928,0,-1.869250060501228,-1.4521767894461444
val,123507,185,66.0,52.0,63.0,50.0,3.0,3.0,4.0,3.0,0.9512195121951219,0.022459893048128343,0.05128205128205128,0.024764150943396228,15.2,6.5,0.04743914678692818,0.034811489284038544,0.04520102217793465,0.034125860780477524,0.20581158995628357,0.12800247967243195,0.2558622382680861,0.176901677042672,82.0,60.0,41.0,16.0,2.078125,1.333333333333333,0.08055405435682852,0.034769302190079704,2.9275146257166718,0.6734222744111742,0.5079469084739685,0.09500566124916077,0.7052488923072815,0.07973873615264893,0.26593004770914214,0.0787737213617371,0.030062941070350388,0.13034990138525604,0.0,0.0,0.6070225092080923,0.09251627626165004,0.06060606060606061,0.033680555555555554,0,-1.6097479822497505,-2.5031753203953624
val,123508,88,56.5,42.75,54.0,38.75,2.0,3.0,3.0,3.0,0.9566559312936125,0.034029175050301785,0.045307917888563046,0.0373614663256607,15.222222222222221,8.100000000000001,0.06269335560500622,0.03108067996799946,0.05457353964447975,0.030399133451282978,0.22393867373466492,0.18751318007707596,0.19655267127065318,0.24223541410529204,60.0,48.0,49.0,25.25,1.2474489795918369,0.7161619854320714,0.08214758161199812,0.04878237596259784,3.2475119660626,0.8826476406735702,0.3693331927061081,0.12017388641834259,0.825803130865097,0.07918405532836914,0.2333842065237614,0.0637484585950808,0.03502129425429379,0.19332538867109997,0.0,0.0,0.628928028054518,0.0644091608150712,0.07179675994108983,0.03948338290443554,0,-0.7567726470595305,-3.4710437084384886
val,123531,177,67.0,50.0,64.0,46.0,3.0,4.0,4.0,4.0,0.9482758620689655,0.022962962962962963,0.05454545454545454,0.025368248772504084,15.0,6.25,0.04746660217642784,0.027324579656124115,0.040595438331365585,0.025726646184921265,0.25137776136398315,0.15021531283855438,0.3106714580107835,0.20305782984485177,71.0,51.0,35.0,12.0,1.9285714285714286,1.212121212121212,0.09720472393099537,0.03446944876388236,3.0125961219490085,0.5148918914620055,0.5485407710075378,0.07855337858200073,0.7271167635917664,0.08721107244491577,0.24091274851283678,0.07133735956165327,-0.05169134391434746,0.14057472562923387,0.0,0.0,0.6265597150606268,0.09534869248216793,0.0847457627118644,0.042309490416082285,0,-2.380422216547095,-2.798626686572445
test,123463,58,77.0,54.0,77.0,53.0,0.0,0.0,1.0,0.0,1.0,0.0,0.0,0.0,68.0,45.875,0.039434827864170074,0.01730181183665991,0.03165277652442455,0.01967027923092246,0.0,0.0,0.0,0.0,118.0,49.75,75.5,46.0,1.7277809909388857,1.0921191444628122,0.054015712356301426,0.018941398882913928,3.17039849075797,0.9837253736494871,0.5364228785037994,0.08570950478315353,0.7523010969161987,0.08238375186920166,0.21827002645613897,0.10848419903209144,-0.11694528712453273,0.2031665788144192,0.0,0.2856362983584404,0.5056360038666943,0.05377102737844375,0.05813953488372093,0.0197257202001035,1,11.549342053225638,1.616165908211703
test,123465,48,68.0,53.0,65.5,50.75,2.0,2.5,3.0,2.5,0.9715480043149947,0.03869768038345012,0.029285714285714283,0.04082633053221288,24.166666666666664,21.0,0.04776694066822529,0.02734461985528469,0.040082747116684914,0.026162464171648026,0.17300968617200851,0.21361896209418774,0.1402321394078182,0.3344971195978435,85.5,48.75,76.0,25.0,1.206585879873551,0.5989995635508445,0.06030501138315112,0.019894988821799617,3.031281186769154,0.894673526764636,0.3611440807580948,0.1240510642528534,0.8405845761299133,0.0962928980588913,0.2308259388729656,0.10087790739239616,-0.0917697909662525,0.37631402220824345,0.0,0.13347097113728523,0.5317038409097201,0.053055629936912596,0.05532891381947986,0.027628421041788982,2,1.0403789725991326,0.2617980302206399
test,123473,253,80.0,84.0,76.0,80.0,3.0,4.0,4.0,4.0,0.950920245398773,0.02055458599961213,0.05161290322580645,0.022649572649572645,15.4,5.550000000000001,0.03844788298010826,0.033661965280771255,0.03326255455613136,0.02699870988726616,0.17952482402324677,0.17689136415719986,0.2743398265196132,0.17748597438357624,111.0,104.0,60.0,29.0,1.9591836734693877,1.2757894736842104,0.05371349871000498,0.02149223198992784,2.7376606326986557,0.5704362198982422,0.4781809449195862,0.10145062208175659,0.7374055981636047,0.08481884002685547,0.27558124991353977,0.07642557273747075,-0.06536987655120916,0.13019813713961842,0.0,0.07141836732625961,0.5498521423339844,0.07264306168546308,0.05555555555555555,0.028762886597938152,3,-1.5417635519405783,1.5373980341591682
test,123483,14,80.5,52.75,78.0,52.25,1.5,1.75,2.5,1.75,0.9752141982864138,0.026345141081211443,0.02541827541827542,0.027551645214688694,24.016666666666666,21.375,0.03926767781376839,0.038205064833164215,0.03700374439358711,0.03348313830792904,0.13286346942186356,0.04944198206067085,0.09807381355041284,0.09453460257138792,94.5,64.0,43.0,13.25,1.9268707482993195,1.1986157917785267,0.07459796020879328,0.02286036401612601,2.885784631227481,0.4872926243142075,0.44981542229652405,0.0699876993894577,0.752331405878067,0.06553593277931213,0.3049047940658548,0.07563863180575872,0.06446150745181423,0.10256577865628708,0.0,0.09634318202733994,0.5125832490198823,0.06295620534802271,0.03491484184914842,0.03185764131097146,0,2.3424097141989244,-1.0447724644472607
test,123485,57,69.0,46.0,67.0,47.0,1.0,2.0,2.0,2.0,0.987012987012987,0.02564102564102566,0.013157894736842105,0.02631578947368421,32.0,37.333333333333336,0.05131273716688156,0.030149947851896286,0.04578685387969017,0.030933648347854614,0.14352943003177643,0.28655898571014404,0.06226714244514575,0.13774801063094796,58.0,51.0,35.0,20.0,1.6024096385542168,0.903225806451613,0.11640761372104338,0.050844528763382524,3.3918313329653476,0.6572194875266879,0.44467517733573914,0.06607294082641602,0.7827918529510498,0.07301890850067139,0.22567136354633335,0.04501053466323088,-0.05539808514376948,0.15538352912070036,0.0,0.0,0.5722910923262438,0.07598848582482809,0.06349206349206349,0.03279352226720647,2,4.883394864004094,-2.0615099590991655
test,123503,166,57.0,38.75,54.0,36.5,2.0,2.0,3.0,2.0,0.9669875578966488,0.022719589403159435,0.03413947163947164,0.024358826445421807,19.875,9.991071428571429,0.044755347073078156,0.024000749923288822,0.03940071165561676,0.02406774926930666,0.1636315882205963,0.14308681525290012,0.15128090809544115,0.158840171895053,147.0,101.25,57.0,19.0,2.6530214424951266,1.514622798271851,0.04583113467048046,0.014010340528054853,2.3342862518530527,0.40008322171721833,0.6252000331878662,0.08057324588298798,0.594601958990097,0.09501788020133972,0.3498669492478522,0.10355147809935672,0.0065049000177301,0.12813123992860564,0.0,0.17478232458233833,0.615796540622358,0.08133093626325172,0.06896551724137931,0.03052631578947368,0,-0.3639752973223161,-1.719148699355052
test,123509,203,57.0,47.0,53.0,43.0,3.0,3.0,4.0,3.0,0.9387755102040817,0.022160433717793304,0.06521739130434782,0.025049625084962113,12.166666666666666,4.057142857142857,0.04650142788887024,0.0331105962395668,0.03918589651584625,0.026231642812490463,0.21240009367465973,0.1271529123187065,0.30967386974154026,0.199934482794527,81.0,58.5,44.0,16.5,1.9393939393939394,1.0836245755766307,0.06376551106770834,0.026652186150471997,2.431725219941468,0.4574296048057169,0.49423477053642273,0.1054883599281311,0.7158252000808716,0.07547152042388916,0.3238866177647906,0.07880987436571374,0.0015150999188862744,0.1524408595629539,0.0,0.0,0.6180396638810635,0.09123200867027248,0.06153846153846154,0.03985507246376811,0,-2.9903025680407773,-2.7981397841239066
test,123513,214,69.0,63.5,66.0,59.75,3.0,3.75,4.0,3.75,0.9517100660707345,0.023671482426659618,0.05074018450976185,0.02618025554458192,15.4375,5.333333333333334,0.03841154836118221,0.02884062100201845,0.03424072824418545,0.024205471388995647,0.17976248264312744,0.12909353524446487,0.2819361105495021,0.18191989904681466,93.0,83.25,40.0,17.0,2.453061224489796,1.7414238539238536,0.0666278485035163,0.025367220162393067,2.416782032268544,0.4475775669417743,0.5314089357852936,0.11195291578769684,0.6964296400547028,0.1023174524307251,0.3574177099715975,0.08232791715048621,0.07945021494105142,0.13131441793748747,0.0,0.054160783998668194,0.5304690677544166,0.08366564902225593,0.045454545454545456,0.02773654916512059,3,-2.3870827917500512,-0.39379135185900993
test,123516,124,74.0,54.5,70.5,52.0,3.0,3.25,4.0,4.0,0.9603921568627451,0.027313782337198944,0.04124149659863945,0.029580081753994795,18.0,7.8125,0.043695228174328804,0.02903277473524213,0.03669889271259308,0.022371315862983465,0.15429136902093887,0.15801030956208706,0.20245432683493272,0.17119192114104617,65.5,52.25,41.0,19.25,1.5981657608695652,1.0875431410475216,0.08465287423709972,0.033135299473360566,2.828854746792137,0.684378526837158,0.43705515563488007,0.13436387479305267,0.7594889104366302,0.10154129564762115,0.27393365827938526,0.08163653327488807,0.06983821813142388,0.2189041479581011,0.0,0.0,0.5772277326033376,0.1038338728107544,0.0536936936936937,0.03883832310957865,0,-1.211584547371054,-1.5786188242273254
test,123538,134,57.0,48.75,55.0,45.0,3.0,3.0,4.0,3.0,0.9583333333333334,0.029830032943857887,0.043478260869565216,0.03280108741188685,15.0,6.704166666666666,0.04822910390794277,0.031406378373503685,0.039088232442736626,0.030481966212391853,0.18337026983499527,0.12527234107255936,0.2053642575949341,0.2075987110453231,51.0,44.5,34.0,13.75,1.5989583333333335,1.0061389759665618,0.09695654294449119,0.033016909418221704,2.6103702199866787,0.5767918006604487,0.4219905138015747,0.09423211216926575,0.7615383565425873,0.08839501440525055,0.3228495498744791,0.09343329361359598,0.10158631795471657,0.19198924722424732,0.0,0.0,0.7086157655943668,0.09556193664438273,0.08893280632411067,0.04635361458554166,0,-2.128774269506721,-4.8600531036766155
